cidade,referencia_cidade
abadia de goias,1
abadia dos dourados,2
abadiania,3
abaete,4
abaetetuba,5
abaiara,6
abaira,7
abare,8
abatia,9
abdon batista,10
abelardo luz,11
abrantes,12
abre campo,13
abreu e lima,14
acaiaca,15
acailandia,16
acajutiba,17
acarau,18
acari,19
acegua,20
acopiara,21
acreuna,22
acu,23
acucena,24
adamantina,25
adhemar de barros,26
adolfo,27
adrianopolis,28
adustina,29
afogados da ingazeira,30
afonso claudio,31
afranio,32
agisse,33
agrestina,34
agrolandia,35
agronomica,36
agua boa,37
agua branca,38
agua clara,39
agua comprida,40
agua doce,41
agua doce do norte,42
agua fria de goias,43
agua limpa,44
agua nova,45
agua preta,46
agua santa,47
aguai,48
aguas belas,49
aguas claras,50
aguas claras df,51
aguas da prata,52
aguas de lindoia,53
aguas de santa barbara,54
aguas de sao pedro,55
aguas formosas,56
aguas frias,57
aguas lindas de goias,58
aguas mornas,59
aguas vermelhas,60
agudo,61
agudos,62
aguia branca,63
aimores,64
aiuaba,65
aiuruoca,66
ajapi,67
ajuricaba,68
alagoa,69
alagoa grande,70
alagoa nova,71
alagoinha,72
alagoinhas,73
alambari,74
alcantara,75
alcinopolis,76
alcobaca,77
alegre,78
alegrete,79
alegrete do piaui,80
alegria,81
alem paraiba,82
alexandra,83
alexandria,84
alexandrita,85
alexania,86
alfenas,87
alfredo chaves,88
alfredo marcondes,89
alfredo vasconcelos,90
alfredo wagner,91
alhandra,92
alianca,93
alianca do tocantins,94
almas,95
almenara,96
almino afonso,97
almirante tamandare,98
almirante tamandare do sul,99
alpercata,100
alpestre,101
alpinopolis,102
alta floresta,103
alta floresta d'oeste,104
altamira,105
altamira do parana,106
altaneira,107
alterosa,108
altinho,109
altinopolis,110
alto alegre,111
alto alegre do iguacu,112
alto alegre do maranhao,113
alto alegre do pindare,114
alto araguaia,115
alto bela vista,116
alto boa vista,117
alto caparao,118
alto do rodrigues,119
alto garcas,120
alto horizonte,121
alto jequitiba,122
alto paraiso,123
alto paraiso de goias,124
alto parana,125
alto parnaiba,126
alto piquiri,127
alto rio doce,128
alto rio novo,129
alto santo,130
alto sao joao,131
alto taquari,132
altonia,133
altos,134
aluminio,135
alvarenga,136
alvares florence,137
alvares machado,138
alvaro de carvalho,139
alvinopolis,140
alvorada,141
alvorada d'oeste,142
alvorada do gurgueia,143
alvorada do norte,144
amambai,145
amanari,146
amapa do maranhao,147
amapora,148
amaraji,149
amarante,150
amargosa,151
amelia rodrigues,152
america dourada,153
americana,154
americano do brasil,155
americo brasiliense,156
americo de campos,157
ametista do sul,158
amontada,159
amparo,160
amparo da serra,161
ampere,162
anadia,163
anage,164
analandia,165
ananas,166
ananindeua,167
anapolis,168
anastacio,169
anaurilandia,170
anchieta,171
andarai,172
andira,173
andira-pr,174
andorinha,175
andradas,176
andradina,177
andre da rocha,178
andrelandia,179
andrequice,180
angatuba,181
angelica,182
angelina,183
angelo frechiani,184
angical,185
angical do piaui,186
angicos,187
angra dos reis,188
angra dos reis rj,189
anguera,190
angulo,191
angustura,192
anhandui,193
anhembi,194
anhumas,195
anicuns,196
anita garibaldi,197
anitapolis,198
anta,199
anta gorda,200
antonina,201
antonina do norte,202
antonio cardoso,203
antonio carlos,204
antonio goncalves,205
antonio martins,206
antonio pereira,207
antonio prado,208
antonio prado de minas,209
antunes,210
ao bernardo do campo,211
aparecida,212
aparecida d'oeste,213
aparecida de goiania,214
aparecida de monte alto,215
aparecida de sao manuel,216
aparecida do rio negro,217
aparecida do taboado,218
aperibe,219
apiaca,220
apiacas,221
apiai,222
apiuna,223
apodi,224
apora,225
apore,226
apuarema,227
apucarana,228
apuiares,229
aquidaba,230
aquidauana,231
aquiraz,232
aracaju,233
aracariguama,234
aracati,235
aracatu,236
aracatuba,237
arace,238
araci,239
aracitaba,240
aracoiaba,241
aracoiaba da serra,242
aracruz,243
aracuai,244
aragarcas,245
aragoiania,246
araguacu,247
araguaia,248
araguaina,249
araguana,250
araguapaz,251
araguari,252
araguatins,253
aramari,254
arame,255
aramina,256
arandu,257
arantina,258
arapei,259
arapiraca,260
arapoema,261
araponga,262
arapongas,263
arapora,264
arapoti,265
arapua,266
araputanga,267
araquari,268
arara,269
ararangua,270
araraquara,271
araras,272
arari,273
ararica,274
araripe,275
araripina,276
araruama,277
araruna,278
arataca,279
aratiba,280
aratuba,281
araucaria,282
araujos,283
araxa,284
arceburgo,285
arcos,286
arcoverde,287
areado,288
areal,289
arealva,290
areia,291
areia branca,292
areia branca dos assis,293
areial,294
areias,295
areiopolis,296
arembepe,297
arenapolis,298
arenopolis,299
aribice,300
arinos,301
aripuana,302
ariquemes,303
ariranha,304
armacao dos buzios,305
armazem,306
arneiroz,307
aroeiras,308
arraial d ajuda,309
arraial d'ajuda,310
arraial d'ajuda (porto seguro),311
arraial do cabo,312
arraias,313
arroio do meio,314
arroio do sal,315
arroio do tigre,316
arroio dos ratos,317
arroio grande,318
arroio trinta,319
arrozal,320
artur nogueira,321
aruana,322
aruja,323
arvoredo,324
arvorezinha,325
ascurra,326
assai,327
assare,328
assis,329
assis chateaubriand,330
assuncao,331
astolfo dutra,332
astorga,333
atalaia,334
atalanta,335
ataleia,336
atibaia,337
atilio vivacqua,338
augustinopolis,339
augusto correa,340
augusto pestana,341
aurea,342
auriflama,343
auriflama/sp,344
aurilandia,345
aurora,346
aurora do para,347
avai,348
avanhandava,349
avare,350
avelar,351
avelino lopes,352
azurita,353
bacabal,354
bacaxa,355
bacuri,356
bady bassitt,357
baependi,358
bage,359
baguari,360
bahia,361
baianopolis,362
baixa grande,363
baixa grande do ribeiro,364
baixo guandu,365
balbinos,366
baldim,367
balenario camboriu,368
balneario arroio do silva,369
balneario barra do sul,370
balneario camboriu,371
balneario gaivota,372
balneario picarras,373
balneario pinhal,374
balneario rincao,375
balsa nova,376
balsamo,377
balsas,378
bambui,379
banabuiu,380
bananal,381
bananeiras,382
bandeira,383
bandeira do sul,384
bandeirantes,385
bandeirantes d'oeste,386
bandeirantes do tocantins,387
banzae,388
barao,389
barao ataliba nogueira,390
barao de cocais,391
barao de cotegipe,392
barao de juparana,393
barao do triunfo,394
barauna,395
barbacena,396
barbacena/ minas gerais,397
barbalha,398
barbosa ferraz,399
barcarena,400
bariri,401
barra,402
barra bonita,403
barra da estiva,404
barra de guabiraba,405
barra de santa rosa,406
barra de santo antonio,407
barra de sao francisco,408
barra de sao joao,409
barra de sao miguel,410
barra do bugres,411
barra do choca,412
barra do corda,413
barra do garcas,414
barra do jacare,415
barra do mendes,416
barra do pirai,417
barra do ribeiro,418
barra do rio azul,419
barra do tarrachil,420
barra do turvo,421
barra dos coqueiros,422
barra longa,423
barra mansa,424
barra velha,425
barracao,426
barras,427
barreira,428
barreiras,429
barreirinhas,430
barreiros,431
barretos,432
barrinha,433
barro,434
barro alto,435
barro preto,436
barrocas,437
barrolandia,438
barros cassal,439
barroso,440
barueri,441
bastos,442
bataguassu,443
bataipora,444
batalha,445
batatais,446
bataypora,447
baturite,448
bauru,449
bayeux,450
bebedouro,451
beberibe,452
bela cruz,453
bela vista,454
bela vista de goias,455
bela vista de minas,456
bela vista do maranhao,457
bela vista do paraiso,458
belem,459
belem do sao francisco,460
belford roxo,461
belmonte,462
belo campo,463
belo horizont,464
belo horizonte,465
belo jardim,466
belo oriente,467
belo vale,468
bemposta,469
benedito leite,470
benedito novo,471
benevides,472
bento de abreu,473
bento goncalves,474
bequimao,475
berilo,476
berizal,477
bernardino de campos,478
bertioga,479
bertolinia,480
bertopolis,481
betim,482
bezerros,483
bias fortes,484
bicas,485
biguacu,486
bilac,487
birigui,488
biritiba-mirim,489
biritinga,490
bituruna,491
blumenau,492
boa esperanca,493
boa esperanca do iguacu,494
boa esperanca do sul,495
boa ventura,496
boa viagem,497
boa vista,498
boa vista da aparecida,499
boa vista das missoes,500
boa vista do burica,501
boa vista do cadeado,502
boa vista do gurupi,503
boa vista do sul,504
boca da mata,505
bocaina,506
bocaiuva,507
bocaiuva do sul,508
bodo,509
bodoco,510
bodoquena,511
bofete,512
boituva,513
bom conselho,514
bom despacho,515
bom jardim,516
bom jardim de goias,517
bom jardim de minas,518
bom jesus,519
bom jesus da lapa,520
bom jesus da penha,521
bom jesus da serra,522
bom jesus das selvas,523
bom jesus do amparo,524
bom jesus do araguaia,525
bom jesus do galho,526
bom jesus do itabapoana,527
bom jesus do norte,528
bom jesus do querendo,529
bom jesus do sul,530
bom jesus do tocantins,531
bom jesus dos perdoes,532
bom principio,533
bom repouso,534
bom retiro,535
bom retiro do sul,536
bom sucesso,537
bombinhas,538
bonfim,539
bonfim paulista,540
bonfinopolis,541
bonfinopolis de minas,542
boninal,543
bonito,544
bonito de minas,545
bonito de santa fe,546
boqueirao do leao,547
boquim,548
boquira,549
bora,550
boraceia,551
borborema,552
borda da mata,553
borrazopolis,554
bossoroca,555
botelho,556
botelhos,557
botucatu,558
botupora,559
botuvera,560
braco do norte,561
braco do rio,562
braganca,563
braganca paulista,564
bras pires,565
brasil novo,566
brasilandia,567
brasilandia de minas,568
brasileia,569
brasilia,570
brasilia de minas,571
brasilia df,572
brasopolis,573
brauna,574
braunas,575
brazabrantes,576
brazopolis,577
brejao,578
brejetuba,579
brejo,580
brejo bonito,581
brejo da madre de deus,582
brejo do cruz,583
brejo dos santos,584
brejo grande,585
brejo santo,586
brejoes,587
brejolandia,588
breu branco,589
breves,590
britania,591
brodowski,592
brotas,593
brotas de macaubas,594
brumadinho,595
brumado,596
brusque,597
bueno brandao,598
buenopolis,599
buenos aires,600
buerarema,601
bugre,602
buique,603
buri,604
buritama,605
buriti,606
buriti alegre,607
buriti do tocantins,608
buriti dos lopes,609
buriticupu,610
buritirama,611
buritis,612
buritizal,613
buritizeiro,614
butia,615
caarapo,616
cabaceiras do paraguacu,617
cabeceira grande,618
cabeceiras,619
cabedelo,620
cabixi,621
cabo de santo agostinho,622
cabo frio,623
cabo verde,624
cabralia paulista,625
cabreuva,626
cabrobo,627
cacador,628
cacapava,629
cacapava do sul,630
cacaulandia,631
cacequi,632
caceres,633
cachoeira,634
cachoeira alta,635
cachoeira da prata,636
cachoeira de minas,637
cachoeira de pajeu,638
cachoeira do brumado,639
cachoeira do campo,640
cachoeira do sul,641
cachoeira dourada,642
cachoeira paulista,643
cachoeiras de macacu,644
cachoeirinha,645
cachoeiro de itapemirim,646
cacimbinhas,647
cacoal,648
caconde,649
cacu,650
cacule,651
caem,652
caetanopolis,653
caetanos,654
caete,655
caetes,656
caetite,657
cafeara,658
cafelandia,659
caiana,660
caiaponia,661
caibate,662
caibi,663
caicara do norte,664
caico,665
caieiras,666
cairu,667
caiua,668
cajamar,669
cajapio,670
cajari,671
cajati,672
cajazeiras,673
cajobi,674
cajueiro,675
cajuri,676
cajuru,677
calcado,678
caldas,679
caldas brandao,680
caldas do jorro,681
caldas novas,682
caldeirao grande,683
caldeirao grande do piaui,684
california,685
california da barra,686
calmon,687
camacan,688
camacari,689
camacho,690
camamu,691
camanducaia,692
camapua,693
camaqua,694
camaragibe,695
cambara,696
cambara do sul,697
cambe,698
cambiasca,699
cambira,700
camboriu,701
cambuci,702
cambui,703
cambuquira,704
cameta,705
camocim,706
camocim de sao felix,707
campanario,708
campanha,709
campestre,710
campestre da serra,711
campestre do maranhao,712
campina da lagoa,713
campina das missoes,714
campina do monte alegre,715
campina grande,716
campina grande do sul,717
campina verde,718
campinacu,719
campinapolis,720
campinas,721
campinas do sul,722
campinorte,723
campo alegre,724
campo alegre de goias,725
campo alegre de lourdes,726
campo alegre de minas,727
campo alegre do fidalgo,728
campo azul,729
campo belo,730
campo bom,731
campo bonito,732
campo do brito,733
campo do meio,734
campo do tenente,735
campo ere,736
campo florido,737
campo formoso,738
campo grande,739
campo grande do piaui,740
campo largo,741
campo limpo paulista,742
campo magro,743
campo maior,744
campo mourao,745
campo novo,746
campo novo do parecis,747
campo verde,748
campos altos,749
campos belos,750
campos borges,751
campos de julio,752
campos do jordao,753
campos dos goytacazes,754
campos gerais,755
campos novos,756
campos sales,757
campos verdes,758
camutanga,759
canaa,760
canaa dos carajas,761
cananeia,762
canapi,763
canapolis,764
canarana,765
canavieiras,766
candeal,767
candeias,768
candeias do jamari,769
candelaria,770
candido de abreu,771
candido godoi,772
candido mendes,773
candido mota,774
candido rodrigues,775
candido sales,776
candiota,777
candoi,778
canela,779
canelinha,780
cangucu,781
canhotinho,782
caninde,783
caninde de sao francisco,784
canitar,785
canoas,786
canoinhas,787
cansancao,788
cantagalo,789
cantanhede,790
canto do buriti,791
canudos,792
capanema,793
capao bonito,794
capao da canoa,795
capao da porteira,796
capao do cipo,797
capao do leao,798
caparao,799
capela,800
capela de santana,801
capela do alto,802
capela do alto alegre,803
capela nova,804
capelinha,805
capetinga,806
capim branco,807
capim grosso,808
capinopolis,809
capinzal,810
capinzal do norte,811
capistrano,812
capitao,813
capitao andrade,814
capitao eneas,815
capitao leonidas marques,816
capitao poco,817
capitolio,818
capivari,819
capivari de baixo,820
capivari do sul,821
capoeiras,822
caputira,823
caracol,824
caraguatatuba,825
carai,826
caraiba,827
caraibas,828
carajas,829
carambei,830
carandai,831
carangola,832
carapebus,833
carapicuiba,834
carapicuiba / sao paulo,835
caratinga,836
caraubas,837
caravelas,838
carazinho,839
carbonita,840
cardoso,841
cardoso moreira,842
careacu,843
cariacica,844
cariacica / es,845
caridade,846
carinhanha,847
carire,848
cariri do tocantins,849
caririacu,850
carius,851
carlinda,852
carlopolis,853
carlos barbosa,854
carlos chagas,855
carmesia,856
carmo,857
carmo da cachoeira,858
carmo da mata,859
carmo de minas,860
carmo do cajuru,861
carmo do paranaiba,862
carmo do rio claro,863
carmo do rio verde,864
carmolandia,865
carmopolis,866
carmopolis de minas,867
carnaiba do sertao,868
carnauba dos dantas,869
carnaubais,870
carnaubal,871
carneirinho,872
carolina,873
carpina,874
carrancas,875
caruaru,876
carutapera,877
carvalhopolis,878
casa branca,879
casa nova,880
casca,881
cascalho rico,882
cascavael,883
cascavel,884
caseiros,885
casimiro de abreu,886
cassia,887
cassia dos coqueiros,888
cassilandia,889
castanhal,890
castanheira,891
castanheiras,892
castelandia,893
castelo,894
castelo do piaui,895
castilho,896
castro,897
castro alves,898
castro pires,899
cataguases,900
catalao,901
catanduva,902
catanduvas,903
catarina,904
catas altas,905
catende,906
catigua,907
catole do rocha,908
catu,909
catu de abrantes,910
catuipe,911
caturama,912
caucaia,913
cavalcante,914
caxambu,915
caxambu do sul,916
caxias,917
caxias do sul,918
caxingo,919
ceara-mirim,920
cedral,921
cedro,922
cedro de sao joao,923
cedro do abaete,924
ceilandia,925
celina,926
celso ramos,927
centenario,928
centenario do sul,929
central,930
central de santa helena,931
centralina,932
centro,933
centro novo do maranhao,934
cerejeiras,935
ceres,936
cerqueira cesar,937
cerquilho,938
cerrito,939
cerro azul,940
cerro grande,941
cerro grande do sul,942
cerro largo,943
cerro negro,944
cesario lange,945
ceu azul,946
cezarina,947
cha de alegria,948
cha grande,949
chacara,950
chale,951
chapada,952
chapada do norte,953
chapada dos guimaraes,954
chapada gaucha,955
chapadao do ceu,956
chapadao do lageado,957
chapadao do sul,958
chapadinha,959
chapeco,960
charqueada,961
charqueadas,962
charrua,963
chaval,964
chavantes,965
chaveslandia,966
chiapetta,967
chopinzinho,968
chorozinho,969
chorrocho,970
chui,971
cianorte,972
cicero dantas,973
cidade gaucha,974
cidade ocidental,975
cidelandia,976
cidreira,977
cipo,978
cipo-guacu,979
ciriaco,980
claraval,981
claro dos pocoes,982
claudia,983
claudio,984
clementina,985
clevelandia,986
coaraci,987
coari,988
cocais,989
cocal,990
cocal do sul,991
cocalinho,992
cocalzinho de goias,993
cocos,994
codo,995
coelho neto,996
coimbra,997
coite do noia,998
colatina,999
colider,1000
colina,1001
colinas,1002
colinas do tocantins,1003
colmeia,1004
colniza,1005
colombia,1006
colombo,1007
colonia castrolanda,1008
colonia jordaozinho,1009
colonia leopoldina,1010
colonia vitoria,1011
colorado,1012
colorado do oeste,1013
coluna,1014
combinado,1015
comendador levy gasparian,1016
comercinho,1017
comodoro,1018
conceicao,1019
conceicao da aparecida,1020
conceicao da barra,1021
conceicao da feira,1022
conceicao da ibitipoca,1023
conceicao das alagoas,1024
conceicao das pedras,1025
conceicao de macabu,1026
conceicao do almeida,1027
conceicao do araguaia,1028
conceicao do caninde,1029
conceicao do castelo,1030
conceicao do coite,1031
conceicao do formoso,1032
conceicao do jacuipe,1033
conceicao do mato dentro,1034
conceicao do para,1035
conceicao do rio verde,1036
conceicao do tocantins,1037
conceicao dos ouros,1038
conchal,1039
conchas,1040
concordia,1041
concordia do para,1042
condado,1043
conde,1044
condeuba,1045
condor,1046
confins,1047
confresa,1048
congonhal,1049
congonhas,1050
congonhinhas,1051
conquista,1052
conquista d'oeste,1053
conrado,1054
conselheiro lafaiete,1055
conselheiro mairinck,1056
conselheiro pena,1057
conservatoria,1058
constantina,1059
contagem,1060
contenda,1061
coqueiro baixo,1062
coqueiros do sul,1063
coracao de jesus,1064
coracao de maria,1065
corbelia,1066
cordeiro,1067
cordeiropolis,1068
cordeiros,1069
cordilheira alta,1070
coreau,1071
coremas,1072
corguinho,1073
coribe,1074
corinto,1075
cornelio procopio,1076
coroaci,1077
coroados,1078
coroata,1079
coromandel,1080
coronel domingos soares,1081
coronel fabriciano,1082
coronel freitas,1083
coronel joao pessoa,1084
coronel joao sa,1085
coronel macedo,1086
coronel martins,1087
coronel murta,1088
coronel pacheco,1089
coronel sapucaia,1090
coronel vivida,1091
corrego danta,1092
corrego do ouro,1093
corrego fundo,1094
correia pinto,1095
corrente,1096
correntes,1097
correntina,1098
cortes,1099
corumba,1100
corumba de goias,1101
corumbaiba,1102
corumbatai,1103
corumbatai do sul,1104
corupa,1105
coruripe,1106
cosmopolis,1107
cosmorama,1108
costa marques,1109
costa rica,1110
cotegipe,1111
cotia,1112
cotipora,1113
cotriguacu,1114
couto de magalhaes,1115
coxilha,1116
coxim,1117
crateus,1118
crato,1119
cravinhos,1120
cravolandia,1121
criciuma,1122
crisolita,1123
crisopolis,1124
crissiumal,1125
cristais,1126
cristais paulista,1127
cristal,1128
cristalandia,1129
cristalia,1130
cristalina,1131
cristiano otoni,1132
cristina,1133
cristinapolis,1134
cristopolis,1135
crixas,1136
croata,1137
crominia,1138
crucilandia,1139
cruz,1140
cruz alta,1141
cruz das almas,1142
cruz machado,1143
cruzalia,1144
cruzeiro,1145
cruzeiro da fortaleza,1146
cruzeiro do iguacu,1147
cruzeiro do oeste,1148
cruzeiro do sul,1149
cruzilia,1150
cubatao,1151
cubati,1152
cuiaba,1153
cuite,1154
cuite velho,1155
cujubim,1156
cumari,1157
cumaru,1158
cunha,1159
cunha pora,1160
cupira,1161
curaca,1162
curitiba,1163
curitibanos,1164
curiuva,1165
currais novos,1166
curral de cima,1167
curralinho,1168
curuca,1169
cururupu,1170
curvelandia,1171
curvelo,1172
custodia,1173
damianopolis,1174
dario meira,1175
datas,1176
david canabarro,1177
delfim moreira,1178
delfinopolis,1179
delmiro gouveia,1180
demerval lobao,1181
denise,1182
deodapolis,1183
deputado irapuan pinheiro,1184
descalvado,1185
descoberto,1186
desembargador otoni,1187
desterro,1188
desterro de entre rios,1189
desterro do melo,1190
dezesseis de novembro,1191
diadema,1192
diamante d'oeste,1193
diamante do norte,1194
diamantina,1195
diamantino,1196
dianopolis,1197
dias d avila,1198
dias d'avila,1199
diogo de vasconcelos,1200
dionisio,1201
dionisio cerqueira,1202
diorama,1203
divinesia,1204
divino,1205
divino das laranjeiras,1206
divino de sao lourenco,1207
divinolandia,1208
divinolandia de minas,1209
divinopolis,1210
divinopolis de goias,1211
divinopolis do tocantins,1212
divisa alegre,1213
divisa nova,1214
dobrada,1215
doce grande,1216
dois corregos,1217
dois irmaos,1218
dois irmaos do buriti,1219
dois riachos,1220
dois vizinhos,1221
dom aquino,1222
dom basilio,1223
dom cavati,1224
dom eliseu,1225
dom feliciano,1226
dom joaquim,1227
dom macedo costa,1228
dom pedrito,1229
dom pedro,1230
dom silverio,1231
dom vicoso,1232
domiciano ribeiro,1233
domingos martins,1234
dona emma,1235
dona euzebia,1236
dona francisca,1237
dores de campos,1238
dores de guanhaes,1239
dores do indaia,1240
dores do rio preto,1241
dormentes,1242
douradina,1243
dourado,1244
dourados,1245
doutor camargo,1246
doutor mauricio cardoso,1247
doutor ulysses,1248
doverlandia,1249
dracena,1250
duartina,1251
duas barras,1252
duere,1253
dumont,1254
duque de caxias,1255
durande,1256
echapora,1257
ecoporanga,1258
edeia,1259
eldorado,1260
eldorado do sul,1261
elias fausto,1262
eliseu martins,1263
elisiario,1264
elisio medrado,1265
eloi mendes,1266
embauba,1267
embu,1268
embu das artes,1269
embu guacu,1270
embu-guacu,1271
emilianopolis,1272
encantado,1273
encruzilhada do sul,1274
eneas marques,1275
engenheiro balduino,1276
engenheiro beltrao,1277
engenheiro coelho,1278
engenheiro navarro,1279
engenheiro passos,1280
engenheiro paulo de frontin,1281
entre folhas,1282
entre rios,1283
entre rios de minas,1284
entre rios do oeste,1285
entre-ijuis,1286
epitaciolandia,1287
erebango,1288
erechim,1289
erere,1290
erico cardoso,1291
erval grande,1292
ervalia,1293
escada,1294
esmeralda,1295
esmeraldas,1296
espera feliz,1297
esperanca,1298
esperantina,1299
esperantinopolis,1300
espigao,1301
espigao alto do iguacu,1302
espigao do oeste,1303
espinosa,1304
espirito santo do pinhal,1305
espirito santo do turvo,1306
esplanada,1307
espumoso,1308
estacao,1309
estancia,1310
estancia velha,1311
esteio,1312
estevao de araujo,1313
estiva,1314
estiva gerbi,1315
estreito,1316
estrela,1317
estrela d oeste,1318
estrela d'oeste,1319
estrela do indaia,1320
estrela do norte,1321
estrela do sul,1322
estrela velha,1323
euclides da cunha,1324
euclides da cunha paulista,1325
eugenio de castro,1326
eugenopolis,1327
eunapolis,1328
eusebio,1329
ewbank da camara,1330
extrema,1331
extremoz,1332
fagundes,1333
farol,1334
farroupilha,1335
fartura,1336
fatima,1337
fatima do sul,1338
faxinal,1339
faxinal dos guedes,1340
faxinalzinho,1341
fazenda nova,1342
fazenda rio grande,1343
fazenda vilanova,1344
feira de santana,1345
feira nova,1346
felicio dos santos,1347
felipe guerra,1348
felisburgo,1349
felixlandia,1350
feliz,1351
feliz deserto,1352
feliz natal,1353
fenix,1354
fernando prestes,1355
fernandopolis,1356
fernao,1357
ferraz de  vasconcelos,1358
ferraz de vasconcelos,1359
ferreiros,1360
ferros,1361
fervedouro,1362
figueira,1363
figueiropolis d'oeste,1364
filadelfia,1365
firminopolis,1366
flor da serra do sul,1367
flora rica,1368
florai,1369
florania,1370
floranopolis,1371
floreal,1372
flores,1373
flores da cunha,1374
flores de goias,1375
floresta,1376
floresta do araguaia,1377
florestal,1378
florestopolis,1379
floriano,1380
florianopolis,1381
florida,1382
florida paulista,1383
florinia,1384
fonseca,1385
fontoura xavier,1386
formiga,1387
formigueiro,1388
formosa,1389
formosa da serra negra,1390
formosa do oeste,1391
formosa do rio preto,1392
formoso,1393
formoso do araguaia,1394
forquilha,1395
forquilhinha,1396
fortaleza,1397
fortaleza dos valos,1398
fortim,1399
fortuna,1400
foz do iguacu,1401
foz do jordao,1402
fragosos,1403
fraiburgo,1404
franca,1405
francisco badaro,1406
francisco beltrao,1407
francisco dantas,1408
francisco dumont,1409
francisco morato,1410
francisco sa,1411
francisco santos,1412
franco da rocha,1413
frecheirinha,1414
frederico westphalen,1415
frei gaspar,1416
frei inocencio,1417
frei lagonegro,1418
frei martinho,1419
frei rogerio,1420
fronteira,1421
fronteiras,1422
fruta de leite,1423
frutal,1424
frutuoso gomes,1425
fundao,1426
gabriel monteiro,1427
galia,1428
galinhos,1429
galvao,1430
gama,1431
gameleira,1432
gameleiras,1433
gandu,1434
garanhuns,1435
garca,1436
garibaldi,1437
garopaba,1438
garrafao do norte,1439
garruchos,1440
garulhos,1441
garuva,1442
gaspar,1443
gastao vidigal,1444
gaucha do norte,1445
gaurama,1446
gaviao peixoto,1447
general camara,1448
general carneiro,1449
general maynard,1450
general salgado,1451
gentio do ouro,1452
getulina,1453
getulio vargas,1454
gilbues,1455
girau do ponciano,1456
girua,1457
glaura,1458
glicerio,1459
gloria de dourados,1460
gloria do goita,1461
glorinha,1462
godoy moreira,1463
goiabeira,1464
goiana,1465
goianapolis,1466
goiandira,1467
goianesia,1468
goianesia do para,1469
goiania,1470
goianinha,1471
goianira,1472
goianorte,1473
goias,1474
goiatuba,1475
goioere,1476
goitacazes,1477
goncalves,1478
goncalves dias,1479
gongogi,1480
gouveia,1481
governador celso ramos,1482
governador dix-sept rosado,1483
governador eugenio barros,1484
governador lindenberg,1485
governador mangabeira,1486
governador portela,1487
governador valadares,1488
graccho cardoso,1489
grajau,1490
gramado,1491
gramado dos loureiros,1492
gramado xavier,1493
grandes rios,1494
granja,1495
grao mogol,1496
grao para,1497
gravata,1498
gravatai,1499
gravatal,1500
groairas,1501
grupiara,1502
guabiju,1503
guabiruba,1504
guacui,1505
guadalupe,1506
guaiba,1507
guaicara,1508
guaimbe,1509
guaira,1510
guairaca,1511
guaiuba,1512
guajara-mirim,1513
guamare,1514
guamiranga,1515
guanambi,1516
guanhaes,1517
guape,1518
guapiacu,1519
guapiara,1520
guapimirim,1521
guapirama,1522
guapo,1523
guapore,1524
guara,1525
guarabira,1526
guaracai,1527
guaraci,1528
guaraciaba,1529
guaraciaba do norte,1530
guarai,1531
guaramirim,1532
guaranesia,1533
guarani,1534
guarani das missoes,1535
guaraniacu,1536
guaranta,1537
guaranta do norte,1538
guarapari,1539
guarapua,1540
guarapuava,1541
guaraquecaba,1542
guarara,1543
guararapes,1544
guararema,1545
guaratinga,1546
guaratingueta,1547
guaratuba,1548
guarda-mor,1549
guarei,1550
guariba,1551
guariroba,1552
guaruja,1553
guaruja do sul,1554
guarulhos,1555
guassusse,1556
guatapara,1557
guaxupe,1558
guia lopes da laguna,1559
guidoval,1560
guimaraes,1561
guimarania,1562
guinda,1563
guiricema,1564
gurupi,1565
guzolandia,1566
heliopolis,1567
herculandia,1568
herval,1569
herval d'oeste,1570
herveiras,1571
hidreletrica tucurui,1572
hidrolandia,1573
hidrolina,1574
holambra,1575
holambra ii,1576
horizonte,1577
horizontina,1578
hortolandia,1579
hulha negra,1580
humaita,1581
humberto de campos,1582
humildes,1583
iacanga,1584
iaciara,1585
iacri,1586
iacu,1587
iapu,1588
iaras,1589
iati,1590
ibaiti,1591
ibarama,1592
ibate,1593
ibateguara,1594
ibatiba,1595
ibema,1596
ibertioga,1597
ibia,1598
ibiaca,1599
ibiai,1600
ibiajara,1601
ibiam,1602
ibiapina,1603
ibiara,1604
ibiassuce,1605
ibicarai,1606
ibicare,1607
ibicoara,1608
ibicuitinga,1609
ibimirim,1610
ibipeba,1611
ibipitanga,1612
ibipora,1613
ibira,1614
ibiracatu,1615
ibiraci,1616
ibiracu,1617
ibiraiaras,1618
ibiraja,1619
ibirama,1620
ibirapua,1621
ibirarema,1622
ibirataia,1623
ibirite,1624
ibiruba,1625
ibitiara,1626
ibitinga,1627
ibitioca,1628
ibitira,1629
ibitita,1630
ibitiuva,1631
ibiuna,1632
ibotirama,1633
icapui,1634
icara,1635
icarai de minas,1636
icaraima,1637
icatu,1638
icem,1639
ichu,1640
ico,1641
iconha,1642
ielmo marinho,1643
iepe,1644
igaci,1645
igapora,1646
igaracu do tiete,1647
igarapava,1648
igarape,1649
igarape-acu,1650
igarape-miri,1651
igarassu,1652
igarata,1653
igaratinga,1654
igrapiuna,1655
igreja nova,1656
igrejinha,1657
iguaba grande,1658
iguai,1659
iguape,1660
iguaracu,1661
iguatama,1662
iguatu,1663
ijui,1664
ilha comprida,1665
ilha de itamaraca,1666
ilha dos valadares,1667
ilha grande,1668
ilha solteira,1669
ilhabela,1670
ilheus,1671
ilhota,1672
ilicinea,1673
ilopolis,1674
imaculada,1675
imbau,1676
imbe,1677
imbe de minas,1678
imbituba,1679
imbituva,1680
imbuia,1681
imigrante,1682
imperatriz,1683
inacio martins,1684
inaciolandia,1685
inaja,1686
inconfidentes,1687
indaial,1688
indaiatuba,1689
independencia,1690
indiana,1691
indianopolis,1692
indiapora,1693
indiara,1694
indiaroba,1695
inga,1696
ingai,1697
inhambupe,1698
inhapi,1699
inhapim,1700
inhauma,1701
inhuma,1702
inhumas,1703
inimutaba,1704
inocencia,1705
inubia paulista,1706
iomere,1707
ipaba,1708
ipameri,1709
ipanema,1710
ipaporanga,1711
ipatinga,1712
ipaumirim,1713
ipaussu,1714
ipe,1715
ipecaeta,1716
ipero,1717
ipiabas,1718
ipiacu,1719
ipiau,1720
ipigua,1721
ipira,1722
ipiranga,1723
ipiranga de goias,1724
ipiranga do norte,1725
ipiranga do sul,1726
ipixuna do para,1727
ipojuca,1728
ipora,1729
ipora do oeste,1730
ipu,1731
ipua,1732
ipubi,1733
ipueira,1734
ipueiras,1735
ipuiuna,1736
ipumirim,1737
ipupiara,1738
iracema,1739
iracemapolis,1740
irai,1741
irai de minas,1742
iramaia,1743
irani,1744
irape,1745
irapua,1746
irapuru,1747
iraquara,1748
irara,1749
irati,1750
iraucuba,1751
irece,1752
iretama,1753
irineopolis,1754
irupi,1755
isaias coelho,1756
ita,1757
itaara,1758
itabaiana,1759
itabaianinha,1760
itabatan,1761
itabela,1762
itabera,1763
itaberaba,1764
itaberai,1765
itabi,1766
itabira,1767
itabirinha,1768
itabirito,1769
itaborai,1770
itabuna,1771
itacarambi,1772
itacare,1773
itacoatiara,1774
itacurussa,1775
itagi,1776
itagiba,1777
itagimirim,1778
itaguacu,1779
itaguacu da bahia,1780
itaguai,1781
itaguaje,1782
itaguara,1783
itaguari,1784
itaguaru,1785
itai,1786
itaicaba,1787
itaiopolis,1788
itaipava,1789
itaipulandia,1790
itaitinga,1791
itaituba,1792
itaja,1793
itajai,1794
itajobi,1795
itaju,1796
itaju do colonia,1797
itajuba,1798
itajuipe,1799
italva,1800
itamaraju,1801
itamarandiba,1802
itamari,1803
itambacuri,1804
itambaraca,1805
itambe,1806
itamira,1807
itamogi,1808
itamonte,1809
itanhaem,1810
itanhandu,1811
itanhanga,1812
itanhem,1813
itanhomi,1814
itaobim,1815
itaoca,1816
itaocara,1817
itapaci,1818
itapage,1819
itapagipe,1820
itapaje,1821
itaparica,1822
itape,1823
itapecerica,1824
itapecerica da serra,1825
itapecuru mirim,1826
itapejara d'oeste,1827
itapema,1828
itapemirim,1829
itaperucu,1830
itaperuna,1831
itapetim,1832
itapetinga,1833
itapetininga,1834
itapeva,1835
itapevi,1836
itapicuru,1837
itapipoca,1838
itapira,1839
itapiranga,1840
itapirapua,1841
itapirapua paulista,1842
itapissuma,1843
itapitanga,1844
itapiuna,1845
itapoa,1846
itapolis,1847
itapora,1848
itaporanga,1849
itaporanga d'ajuda,1850
itapui,1851
itapura,1852
itapuranga,1853
itaquaquecetuba,1854
itaqui,1855
itaquirai,1856
itaquitinga,1857
itarana,1858
itarantim,1859
itarare,1860
itarema,1861
itariri,1862
itatiaia,1863
itatiaiucu,1864
itatiba,1865
itatiba do sul,1866
itatim,1867
itatinga,1868
itau,1869
itau de minas,1870
itauba,1871
itaueira,1872
itauna,1873
itinga,1874
itiquira,1875
itirapina,1876
itirucu,1877
itiuba,1878
itobi,1879
itororo,1880
itu,1881
ituacu,1882
itubera,1883
itueta,1884
ituiutaba,1885
itumbiara,1886
itupeva,1887
itupiranga,1888
ituporanga,1889
iturama,1890
itutinga,1891
ituverava,1892
iuna,1893
ivai,1894
ivaipora,1895
ivate,1896
ivinhema,1897
ivora,1898
ivoti,1899
jaboatao dos guararapes,1900
jabora,1901
jaborandi,1902
jaboti,1903
jaboticabal,1904
jaboticatubas,1905
jacaraci,1906
jacarau,1907
jacare,1908
jacareacanga,1909
jacarei,1910
jacarei / sao paulo,1911
jacarezinho,1912
jaci,1913
jaciara,1914
jacigua,1915
jacinto,1916
jacinto machado,1917
jacobina,1918
jacui,1919
jacuipe,1920
jacuizinho,1921
jacunda,1922
jacupiranga,1923
jacutinga,1924
jaguapita,1925
jaguaquara,1926
jaguaracu,1927
jaguarao,1928
jaguare,1929
jaguarembe,1930
jaguari,1931
jaguariaiva,1932
jaguaribara,1933
jaguaribe,1934
jaguariuna,1935
jaguaruana,1936
jaguaruna,1937
jaiba,1938
jales,1939
jamaica,1940
jamapara,1941
jambeiro,1942
jampruca,1943
janauba,1944
jandaia,1945
jandaia do sul,1946
jandaira,1947
jandira,1948
janduis,1949
janiopolis,1950
januaria,1951
japaraiba,1952
japaratuba,1953
japeri,1954
japi,1955
japira,1956
japoata,1957
japuiba,1958
japura,1959
jaqueira,1960
jaquirana,1961
jaragua,1962
jaragua do sul,1963
jaraguari,1964
jardim,1965
jardim abc de goias,1966
jardim alegre,1967
jardim de piranhas,1968
jardim do serido,1969
jardim olinda,1970
jardinopolis,1971
jari,1972
jarinu,1973
jaru,1974
jatai,1975
jataizinho,1976
jatauba,1977
jatoba,1978
jau,1979
jaua,1980
jaupaci,1981
jauru,1982
jeceaba,1983
jenipapo de minas,1984
jequeri,1985
jequia da praia,1986
jequie,1987
jequitai,1988
jequitiba,1989
jequitinhonha,1990
jeremoabo,1991
jerico,1992
jeriquara,1993
jeronimo monteiro,1994
jesuania,1995
jesuitas,1996
jesupolis,1997
ji parana,1998
ji-parana,1999
jijoca de jericoacoara,2000
jiquirica,2001
joacaba,2002
joaima,2003
joanopolis,2004
joao alfredo,2005
joao camara,2006
joao dourado,2007
joao lisboa,2008
joao monlevade,2009
joao neiva,2010
joao pessoa,2011
joao pinheiro,2012
joao ramalho,2013
joaquim nabuco,2014
joaquim pires,2015
joaquim tavora,2016
joinville,2017
jordania,2018
jose boiteux,2019
jose bonifacio,2020
jose da penha,2021
jose de freitas,2022
joselandia,2023
joviania,2024
juara,2025
juatuba,2026
juazeiro,2027
juazeiro do norte,2028
jucas,2029
jucurucu,2030
jucurutu,2031
juina,2032
juiz de fora,2033
julio de castilhos,2034
julio mesquita,2035
jumirim,2036
junco do serido,2037
jundiai,2038
jundiai do sul,2039
junqueiro,2040
junqueiropolis,2041
jupi,2042
juquia,2043
juquitiba,2044
juranda,2045
jurema,2046
juripiranga,2047
juru,2048
juruaia,2049
juruena,2050
juruti,2051
juscimeira,2052
jussara,2053
jussari,2054
jussiape,2055
juti,2056
juvenilia,2057
juzeiro do norte,2058
kalore,2059
ladainha,2060
ladario,2061
lagarto,2062
lages,2063
lages - sc,2064
lago da pedra,2065
lago verde,2066
lagoa,2067
lagoa d'anta,2068
lagoa da canoa,2069
lagoa da confusao,2070
lagoa da prata,2071
lagoa de sao francisco,2072
lagoa de velhos,2073
lagoa do carro,2074
lagoa do mato,2075
lagoa do ouro,2076
lagoa do piaui,2077
lagoa dos gatos,2078
lagoa dos patos,2079
lagoa dos tres cantos,2080
lagoa dourada,2081
lagoa formosa,2082
lagoa grande,2083
lagoa nova,2084
lagoa real,2085
lagoa salgada,2086
lagoa santa,2087
lagoa vermelha,2088
lagoao,2089
lagoinha,2090
lagoinha do piaui,2091
laguna,2092
laje do muriae,2093
lajeado,2094
lajeado grande,2095
lajedo,2096
lajinha,2097
lamarao,2098
lambari,2099
lamim,2100
lapa,2101
laranja da terra,2102
laranjal,2103
laranjal do jari,2104
laranjal paulista,2105
laranjeiras do sul,2106
laurentino,2107
lauro de freitas,2108
lauro muller,2109
lavinia,2110
lavras,2111
lavras da mangabeira,2112
lavras do sul,2113
lavrinhas,2114
leandro ferreira,2115
lebon regis,2116
leme,2117
lencois,2118
lencois paulista,2119
leoberto leal,2120
leopoldina,2121
leopoldo de bulhoes,2122
leopolis,2123
liberato salzano,2124
liberdade,2125
lidice,2126
lima duarte,2127
limeira,2128
limeira do oeste,2129
limoeiro,2130
limoeiro do norte,2131
lindoeste,2132
lindoia,2133
lindoia do sul,2134
lindolfo collor,2135
linhares,2136
lins,2137
livramento,2138
livramento de nossa senhora,2139
loanda,2140
lobato,2141
londrina,2142
lontras,2143
lorena,2144
loreto,2145
lourdes,2146
louveira,2147
lucas do rio verde,2148
lucelia,2149
lucena,2150
lucianopolis,2151
luis antonio,2152
luis correia,2153
luis eduardo magalhaes,2154
luisburgo,2155
luiz alves,2156
luiziana,2157
luiziania,2158
luizlandia do oeste,2159
luminarias,2160
lunardelli,2161
lupercio,2162
lupionopolis,2163
lutecia,2164
luz,2165
luziania,2166
luziapolis,2167
luzilandia,2168
macae,2169
macaiba,2170
macambara,2171
macambira,2172
macapa,2173
macaparana,2174
macatuba,2175
macau,2176
macaubal,2177
macaubas,2178
macedonia,2179
maceio,2180
machacalis,2181
machadinho,2182
machadinho d'oeste,2183
machado,2184
machados,2185
macieira,2186
macuco,2187
macuco de minas,2188
madalena,2189
madre de deus,2190
madre de deus de minas,2191
mae d'agua,2192
mae do rio,2193
mafra,2194
magalhaes de almeida,2195
magda,2196
mage,2197
maioba,2198
maiquinique,2199
mairi,2200
mairinque,2201
mairipora,2202
mairipotaba,2203
major porto,2204
major vieira,2205
malacacheta,2206
malhador,2207
mallet,2208
mamanguape,2209
mambai,2210
mambore,2211
mamonas,2212
mampituba,2213
manaira,2214
manaus,2215
mandaguacu,2216
mandaguari,2217
mandirituba,2218
manduri,2219
manfrinopolis,2220
manga,2221
mangaratiba,2222
mangueirinha,2223
manhuacu,2224
manhumirim,2225
manoel ribas,2226
manoel urbano,2227
manoel viana,2228
mansidao,2229
mantena,2230
mantenopolis,2231
maquine,2232
mar de espanha,2233
mar vermelho,2234
mara rosa,2235
maraba,2236
maracacume,2237
maracai,2238
maracaju,2239
maracana,2240
maracanau,2241
maracas,2242
maragogi,2243
maragogipe,2244
maranguape,2245
maranhaozinho,2246
marapoama,2247
marataizes,2248
marau,2249
maravilha,2250
maravilhas,2251
marcelino vieira,2252
marco,2253
marcos parente,2254
marechal candido rondon,2255
marechal deodoro,2256
marechal floriano,2257
mari,2258
maria da fe,2259
marialva,2260
mariana,2261
mariano moro,2262
mariapolis,2263
maribondo,2264
marica,2265
mariental,2266
marilac,2267
marilandia,2268
marilandia do sul,2269
marilena,2270
marilia,2271
mariluz,2272
maringa,2273
marinopolis,2274
mario campos,2275
mariopolis,2276
maripa,2277
maristela,2278
marituba,2279
marmeleiro,2280
marques de souza,2281
martinesia,2282
martinho campos,2283
martinopolis,2284
martins,2285
martins soares,2286
mascote,2287
massape,2288
massaranduba,2289
mata,2290
mata de sao joao,2291
mata grande,2292
mata roma,2293
mata verde,2294
matao,2295
matelandia,2296
materlandia,2297
mateus leme,2298
matias barbosa,2299
matias olimpio,2300
matinhos,2301
matipo,2302
mato leitao,2303
mato rico,2304
mato verde,2305
matoes,2306
matoes do norte,2307
matozinhos,2308
matrincha,2309
matriz de camaragibe,2310
matupa,2311
matutina,2312
maua,2313
maua da serra,2314
maua/sao paulo,2315
maurilandia,2316
mauriti,2317
maximiliano de almeida,2318
medeiros,2319
medeiros neto,2320
medianeira,2321
medicilandia,2322
medina,2323
meleiro,2324
mendes,2325
mendes pimentel,2326
mendonca,2327
mercedes,2328
merces,2329
meridiano,2330
meruoca,2331
mesquita,2332
messias targino,2333
miguel calmon,2334
miguel pereira,2335
miguelopolis,2336
milagres,2337
milha,2338
mimoso de goias,2339
mimoso do sul,2340
minacu,2341
minas do leao,2342
minas gerais,2343
minas novas,2344
minduri,2345
mineiros,2346
mineiros do tiete,2347
ministro andreazza,2348
mira estrela,2349
miracatu,2350
miracema,2351
miradouro,2352
miraguai,2353
mirai,2354
miraima,2355
miranda,2356
miranda do norte,2357
mirandiba,2358
mirandopolis,2359
miranorte,2360
mirante da serra,2361
mirante do paranapanema,2362
mirassol,2363
mirassol d'oeste,2364
miravania,2365
mirinzal,2366
missal,2367
missao velha,2368
missi,2369
mocajuba,2370
mococa,2371
moeda,2372
moema,2373
mogi das cruses,2374
mogi das cruzes,2375
mogi das cruzes / sp,2376
mogi guacu,2377
mogi mirim,2378
mogi-guacu,2379
mogi-mirim,2380
moju,2381
mojui dos campos,2382
mombaca,2383
mombuca,2384
moncao,2385
moncoes,2386
mondai,2387
mongagua,2388
monnerat,2389
monsenhor paulo,2390
monsenhor tabosa,2391
montadas,2392
montalvania,2393
montanha,2394
montanhas,2395
montauri,2396
monte alegre,2397
monte alegre de minas,2398
monte alegre de sergipe,2399
monte alegre do sul,2400
monte alto,2401
monte alverne,2402
monte aprazivel,2403
monte azul,2404
monte azul paulista,2405
monte belo,2406
monte belo do sul,2407
monte bonito,2408
monte carlo,2409
monte carmelo,2410
monte castelo,2411
monte formoso,2412
monte gordo,2413
monte mor,2414
monte santo,2415
monte santo de minas,2416
monte siao,2417
monte verde,2418
monteiro lobato,2419
monteiropolis,2420
montenegro,2421
montes claros,2422
montezuma,2423
montividiu do norte,2424
morada nova,2425
morada nova de minas,2426
moreilandia,2427
moreira sales,2428
moreno,2429
morpara,2430
morretes,2431
morrinhos,2432
morro agudo,2433
morro agudo de goias,2434
morro da fumaca,2435
morro da garca,2436
morro de sao paulo,2437
morro do chapeu,2438
morro do ferro,2439
morro do pilar,2440
morro grande,2441
morro redondo,2442
morro reuter,2443
morro vermelho,2444
morungaba,2445
mossamedes,2446
mossoro,2447
mostardas,2448
motuca,2449
mozarlandia,2450
mucambo,2451
mucuge,2452
mucuri,2453
mucurici,2454
muliterno,2455
mundo novo,2456
munhoz,2457
munhoz de melo,2458
muniz freire,2459
muquem do sao francisco,2460
muqui,2461
muriae,2462
murici,2463
muritiba,2464
murucupi,2465
murutinga do sul,2466
mussurepe,2467
mutuipe,2468
mutum,2469
mutum parana,2470
mutunopolis,2471
muzambinho,2472
nacip raydan,2473
nantes,2474
nanuque,2475
nao-me-toque,2476
narandiba,2477
natal,2478
natercia,2479
natividade,2480
natividade da serra,2481
navegantes,2482
navirai,2483
nazare,2484
nazare da mata,2485
nazare paulista,2486
nazareno,2487
nazario,2488
neopolis,2489
nepomuceno,2490
neropolis,2491
neves paulista,2492
nhandeara,2493
nilopolis,2494
nipoa,2495
niquelandia,2496
niteroi,2497
nobres,2498
nonoai,2499
nortelandia,2500
nossa senhora da gloria,2501
nossa senhora das dores,2502
nossa senhora das gracas,2503
nossa senhora de caravaggio,2504
nossa senhora de lourdes,2505
nossa senhora do o,2506
nossa senhora do remedio,2507
nossa senhora do socorro,2508
nova alvorada,2509
nova alvorada do sul,2510
nova america,2511
nova america da colina,2512
nova andradina,2513
nova araca,2514
nova aurora,2515
nova bandeirantes,2516
nova bassano,2517
nova boa vista,2518
nova brasilandia d'oeste,2519
nova brescia,2520
nova campina,2521
nova canaa,2522
nova canaa do norte,2523
nova canaa paulista,2524
nova cantu,2525
nova crixas,2526
nova cruz,2527
nova era,2528
nova erechim,2529
nova esperanca,2530
nova esperanca do piria,2531
nova esperanca do sudoeste,2532
nova esperanca do sul,2533
nova europa,2534
nova fatima,2535
nova floresta,2536
nova friburgo,2537
nova granada,2538
nova guarita,2539
nova guataporanga,2540
nova hartz,2541
nova iguacu,2542
nova independencia,2543
nova ipixuna,2544
nova itaberaba,2545
nova lacerda,2546
nova laranjeiras,2547
nova lima,2548
nova londrina,2549
nova luzitania,2550
nova mamore,2551
nova monte verde,2552
nova mutum,2553
nova odessa,2554
nova olimpia,2555
nova olinda,2556
nova olinda do maranhao,2557
nova padua,2558
nova palma,2559
nova petropolis,2560
nova ponte,2561
nova prata,2562
nova prata do iguacu,2563
nova redencao,2564
nova resende,2565
nova roma,2566
nova roma do sul,2567
nova russas,2568
nova santa barbara,2569
nova santa rita,2570
nova santa rosa,2571
nova serrana,2572
nova soure,2573
nova timboteua,2574
nova trento,2575
nova ubirata,2576
nova venecia,2577
nova veneza,2578
nova vicosa,2579
nova xavantina,2580
novais,2581
novo alegre,2582
novo barreiro,2583
novo brasil,2584
novo cabrais,2585
novo cruzeiro,2586
novo gama,2587
novo hamburgo,2588
"novo hamburgo, rio grande do sul, brasil",2589
novo horizonte,2590
novo itacolomi,2591
novo jardim,2592
novo lino,2593
novo machado,2594
novo mundo,2595
novo oriente,2596
novo oriente de minas,2597
novo oriente do piaui,2598
novo planalto,2599
novo progresso,2600
novo repartimento,2601
novo sao joaquim,2602
nucleo residencial pilar,2603
nuporanga,2604
ocara,2605
ocaucu,2606
oeiras,2607
oeiras do para,2608
oiapoque,2609
olaria,2610
oleo,2611
olho d'agua das cunhas,2612
olho d'agua das flores,2613
olhos d'agua,2614
olimpia,2615
olinda,2616
olindina,2617
oliveira,2618
oliveira dos brejinhos,2619
onda verde,2620
oriente,2621
orindiuva,2622
orizania,2623
orizona,2624
orlandia,2625
orleans,2626
orobo,2627
oroco,2628
oros,2629
ortigueira,2630
osasco,2631
oscar bressane,2632
osorio,2633
osvaldo cruz,2634
osvaldo kroeff,2635
otacilio costa,2636
ourem,2637
ouricuri,2638
ourilandia do norte,2639
ourinhos,2640
ourizona,2641
ouro,2642
ouro branco,2643
ouro fino,2644
ouro preto,2645
ouro preto do oeste,2646
ouro verde,2647
ouro verde de goias,2648
ouro verde de minas,2649
ouro verde do oeste,2650
ouroeste,2651
ouvidor,2652
pacaembu,2653
pacaja,2654
pacajus,2655
pacatuba,2656
paco do lumiar,2657
pacoti,2658
pacotuba,2659
pacuja,2660
padre bernardo,2661
padre carvalho,2662
padre gonzales,2663
padre paraiso,2664
paial,2665
paicandu,2666
paincandu,2667
paineiras,2668
pains,2669
paiva,2670
palestina,2671
palhano,2672
palhoca,2673
palma,2674
palma sola,2675
palmares,2676
palmares do sul,2677
palmares paulista,2678
palmas,2679
palmeira,2680
palmeira d oeste,2681
palmeira d'oeste,2682
palmeira das missoes,2683
palmeira dos indios,2684
palmeiras,2685
palmeiras de goias,2686
palmeirinha,2687
palminopolis,2688
palmital,2689
palmital de minas,2690
palmitinho,2691
palmitos,2692
palmopolis,2693
palotina,2694
panambi,2695
pancas,2696
panelas,2697
panorama,2698
pantano grande,2699
papagaios,2700
papanduva,2701
papucaia,2702
para de minas,2703
paracambi,2704
paracatu,2705
paracuru,2706
paragominas,2707
paraguacu,2708
paraguacu paulista,2709
parai,2710
paraiba do sul,2711
paraibano,2712
paraibuna,2713
paraipaba,2714
paraiso,2715
paraiso das aguas,2716
paraiso do norte,2717
paraiso do sul,2718
paraiso do tocantins,2719
paraisopolis,2720
paraju,2721
parambu,2722
paramirim,2723
parana,2724
paranacity,2725
paranagua,2726
paranaiba,2727
paranaiguara,2728
paranaita,2729
paranapanema,2730
paranapoema,2731
paranapua,2732
paranatinga,2733
paranavai,2734
paranhos,2735
paraopeba,2736
parapua,2737
parati,2738
paraty,2739
parauapebas,2740
parauna,2741
pardinho,2742
pareci novo,2743
parelhas,2744
paripiranga,2745
paripueira,2746
pariquera-acu,2747
parisi,2748
parnaiba,2749
parnamirim,2750
parnarama,2751
parobe,2752
passa quatro,2753
passa tempo,2754
passa tres,2755
passagem,2756
passagem franca,2757
passira,2758
passo de camaragibe,2759
passo de torres,2760
passo fundo,2761
passos,2762
passos maia,2763
pastos bons,2764
patis,2765
pato bragado,2766
pato branco,2767
patos,2768
patos de minas,2769
patrocinio,2770
patrocinio do muriae,2771
patrocinio paulista,2772
patu,2773
paty do alferes,2774
pau brasil,2775
pau d'arco,2776
pau dos ferros,2777
paudalho,2778
paula candido,2779
paula freitas,2780
pauliceia,2781
paulinia,2782
paulino neves,2783
paulista,2784
paulistana,2785
paulistania,2786
paulo afonso,2787
paulo de faria,2788
paulo frontin,2789
paulo jacinto,2790
paulo lopes,2791
pavao,2792
peabiru,2793
pecanha,2794
pederneiras,2795
pedra,2796
pedra azul,2797
pedra bela,2798
pedra branca,2799
pedra do indaia,2800
pedra lavrada,2801
pedra menina,2802
pedra preta,2803
pedralva,2804
pedranopolis,2805
pedrao,2806
pedras altas,2807
pedras de fogo,2808
pedregulho,2809
pedreira,2810
pedreiras,2811
pedrinhas paulista,2812
pedrinopolis,2813
pedro afonso,2814
pedro canario,2815
pedro de toledo,2816
pedro gomes,2817
pedro ii,2818
pedro leopoldo,2819
pedro osorio,2820
pedro velho,2821
peixe,2822
peixoto de azevedo,2823
pejucara,2824
pelotas,2825
penaforte,2826
penapolis,2827
pendencias,2828
penedo,2829
penha,2830
pentecoste,2831
pequi,2832
pequizeiro,2833
perdigao,2834
perdizes,2835
perdoes,2836
pereira barreto,2837
pereiras,2838
pereiro,2839
peri mirim,2840
periquito,2841
peritiba,2842
perobal,2843
perola,2844
perola d'oeste,2845
perola independente,2846
perpetuo socorro,2847
peruibe,2848
pescador,2849
pesqueira,2850
petrolandia,2851
petrolina,2852
petropolis,2853
piacabucu,2854
piacatu,2855
piacu,2856
pianco,2857
piao,2858
piata,2859
piau,2860
picada cafe,2861
picarra,2862
picarras,2863
picos,2864
picui,2865
piedade,2866
piedade de caratinga,2867
piedade do rio grande,2868
piedade dos gerais,2869
pien,2870
pilao arcado,2871
pilar,2872
pilar do sul,2873
pimenta,2874
pimenta bueno,2875
pimenteiras,2876
pindai,2877
pindamonhangaba,2878
pindare mirim,2879
pindoba,2880
pindobacu,2881
pindorama,2882
pindorama do tocantins,2883
pindoretama,2884
pingo-d'agua,2885
pinhais,2886
pinhais/pr,2887
pinhal da serra,2888
pinhalao,2889
pinhalzinho,2890
pinhao,2891
pinheiral,2892
pinheiro,2893
pinheiro machado,2894
pinheiros,2895
pinhotiba,2896
pintadas,2897
pinto bandeira,2898
pio ix,2899
pio xii,2900
piquerobi,2901
piquete,2902
piracaia,2903
piracanjuba,2904
piracema,2905
piracicaba,2906
piracuruca,2907
pirai,2908
pirai do norte,2909
pirai do sul,2910
piraju,2911
pirajuba,2912
pirajui,2913
pirambu,2914
piranga,2915
pirangi,2916
piranguinho,2917
piranhas,2918
pirapemas,2919
pirapetinga,2920
pirapo,2921
pirapora,2922
pirapora do bom jesus,2923
pirapozinho,2924
piraquara,2925
pirassununga,2926
piratini,2927
piratininga,2928
piratuba,2929
pirauba,2930
pirenopolis,2931
pires do rio,2932
pires ferreira,2933
piripa,2934
piripiri,2935
piritiba,2936
pirituba,2937
pirpirituba,2938
pitanga,2939
pitanga de estrada,2940
pitangueiras,2941
pitangui,2942
pitimbu,2943
pium,2944
piuma,2945
piumhi,2946
piumhii,2947
placas,2948
planaltina,2949
planaltina de goias,2950
planaltina do parana,2951
planaltino,2952
planalto,2953
planura,2954
poa,2955
pocao,2956
pocao de pedras,2957
pocinhos,2958
poco de pedra,2959
poco fundo,2960
poco redondo,2961
poco verde,2962
pocoes,2963
pocoes de paineiras,2964
pocos de caldas,2965
pocrane,2966
pojuca,2967
polo petroquimico de triunfo,2968
poloni,2969
pombal,2970
pombos,2971
pomerode,2972
pompeia,2973
pompeu,2974
pongai,2975
ponta grossa,2976
ponta pora,2977
pontal,2978
pontal do parana,2979
pontalina,2980
pontalinda,2981
pontao,2982
ponte alta do norte,2983
ponte nova,2984
ponte serrada,2985
pontes e lacerda,2986
pontes gestal,2987
ponto belo,2988
ponto do marambaia,2989
ponto dos volantes,2990
ponto novo,2991
populina,2992
porangaba,2993
porangatu,2994
porciuncula,2995
porecatu,2996
portalegre,2997
portao,2998
porteiras,2999
porteirinha,3000
portela,3001
portelandia,3002
porto acre,3003
porto alegre,3004
porto alegre do norte,3005
porto amazonas,3006
porto belo,3007
porto calvo,3008
porto de pedras,3009
porto dos gauchos,3010
porto esperidiao,3011
porto estrela,3012
porto feliz,3013
porto ferreira,3014
porto firme,3015
porto franco,3016
porto grande,3017
porto lucena,3018
porto murtinho,3019
porto nacional,3020
porto real,3021
porto rico,3022
porto seguro,3023
porto trombetas,3024
porto uniao,3025
porto velho,3026
porto xavier,3027
portoferreira,3028
posse,3029
posto da mata,3030
pote,3031
potengi,3032
potim,3033
potiragua,3034
potirendaba,3035
pouso alegre,3036
pouso alto,3037
pouso novo,3038
pouso redondo,3039
poxoreu,3040
prado,3041
pradopolis,3042
prados,3043
praia grande,3044
praia norte,3045
pranchita,3046
prata,3047
pratapolis,3048
presidente alves,3049
presidente bernardes,3050
presidente castello branco,3051
presidente dutra,3052
presidente epitacio,3053
presidente getulio,3054
presidente janio quadros,3055
presidente juscelino,3056
presidente kennedy,3057
presidente kubitschek,3058
presidente lucena,3059
presidente medici,3060
presidente nereu,3061
presidente olegario,3062
presidente prudente,3063
presidente tancredo neves,3064
presidente venceslau,3065
primavera,3066
primavera do leste,3067
primeiro de maio,3068
princesa isabel,3069
progresso,3070
promissao,3071
propria,3072
protasio alves,3073
prudencio thomaz,3074
prudente de morais,3075
prudentopolis,3076
pugmil,3077
pureza,3078
purilandia,3079
putinga,3080
puxinana,3081
quadra,3082
quarai,3083
quata,3084
quatigua,3085
quatis,3086
quatituba,3087
quatro barras,3088
quatro bocas,3089
quatro pontes,3090
quedas do iguacu,3091
queimadas,3092
queimados,3093
queiroz,3094
queixada,3095
queluz,3096
querencia,3097
querencia do norte,3098
quevedos,3099
quijingue,3100
quilombo,3101
quilometro 14 do mutum,3102
quinta do sol,3103
quintana,3104
quipapa,3105
quirinopolis,3106
quissama,3107
quitandinha,3108
quixabeira,3109
quixada,3110
quixelo,3111
quixeramobim,3112
quixere,3113
rafard,3114
rainha do mar,3115
rancharia,3116
rancho alegre,3117
rancho alegre d'oeste,3118
rancho queimado,3119
raposo,3120
raposos,3121
raul soares,3122
ravena,3123
realeza,3124
reboucas,3125
rechan,3126
recife,3127
recreio,3128
recreio dos bandeirantes,3129
redencao,3130
redencao da serra,3131
redencao do gurgueia,3132
redentora,3133
regeneracao,3134
regente feijo,3135
reginopolis,3136
registro,3137
remanso,3138
remigio,3139
renascenca,3140
reriutaba,3141
resende,3142
resende costa,3143
reserva,3144
reserva do cabacal,3145
reserva do iguacu,3146
resplendor,3147
ressaquinha,3148
restinga seca,3149
retirolandia,3150
riachao das neves,3151
riachao do jacuipe,3152
riachinho,3153
riacho da cruz,3154
riacho das almas,3155
riacho de santana,3156
riacho de santo antonio,3157
riacho dos machados,3158
riachuelo,3159
rianapolis,3160
ribas do rio pardo,3161
ribeira,3162
ribeira do amparo,3163
ribeira do pombal,3164
ribeirao,3165
ribeirao bonito,3166
ribeirao branco,3167
ribeirao cascalheira,3168
ribeirao claro,3169
ribeirao das neves,3170
ribeirao do pinhal,3171
ribeirao do sul,3172
ribeirao pires,3173
ribeirao preto,3174
ribeirao preto / sao paulo,3175
ribeirao pretp,3176
ribeirao vermelho,3177
ribeiraozinho,3178
ribeiro junqueira,3179
ribeiropolis,3180
riberao preto,3181
rifaina,3182
rincao,3183
rinopolis,3184
rio acima,3185
rio azul,3186
rio bananal,3187
rio bonito,3188
rio bonito do iguacu,3189
rio branco,3190
rio branco do sul,3191
rio brilhante,3192
rio casca,3193
rio claro,3194
rio das antas,3195
rio das flores,3196
rio das ostras,3197
rio das pedras,3198
rio de contas,3199
rio de janeiro,3200
rio de janeiro / rio de janeiro,3201
rio de janeiro \rio de janeiro,3202
"rio de janeiro, rio de janeiro, brasil",3203
rio do antonio,3204
rio do campo,3205
rio do oeste,3206
rio do pires,3207
rio do sul,3208
rio doce,3209
rio dos cedros,3210
rio dos indios,3211
rio espera,3212
rio formoso,3213
rio fortuna,3214
rio grande,3215
rio grande da serra,3216
rio grande do piaui,3217
rio largo,3218
rio manso,3219
rio maria,3220
rio negrinho,3221
rio negro,3222
rio novo,3223
rio novo do sul,3224
rio paranaiba,3225
rio pardo,3226
rio pardo de minas,3227
rio piracicaba,3228
rio pomba,3229
rio preto,3230
rio real,3231
rio rufino,3232
rio tinto,3233
rio verde,3234
riolandia,3235
riqueza,3236
ritapolis,3237
riversul,3238
robeirao preto,3239
roca sales,3240
rodeio,3241
rodeio bonito,3242
rodeiro,3243
rodelas,3244
rodolfo fernandes,3245
rolandia,3246
rolante,3247
rolim de moura,3248
romaria,3249
romelandia,3250
roncador,3251
ronda alta,3252
rondon,3253
rondon do para,3254
rondonopolis,3255
roque gonzales,3256
rosana,3257
rosario,3258
rosario do ivai,3259
rosario do sul,3260
roseira,3261
rubelita,3262
rubiacea,3263
rubiataba,3264
rubim,3265
rubineia,3266
russas,3267
ruy barbosa,3268
s jose do rio preto,3269
sabara,3270
sabaudia,3271
sabino,3272
sabinopolis,3273
saboeiro,3274
sacra familia do tingua,3275
sacramento,3276
sales,3277
sales oliveira,3278
salesopolis,3279
salgado filho,3280
salgueiro,3281
salinas,3282
salinas da margarida,3283
salmourao,3284
saloa,3285
salobro,3286
saltinho,3287
salto,3288
salto da divisa,3289
salto de pirapora,3290
salto do ceu,3291
salto do itarare,3292
salto do jacui,3293
salto do lontra,3294
salto grande,3295
salto veloso,3296
salvador,3297
salvador do sul,3298
sambaiba,3299
sananduva,3300
sanclerlandia,3301
sando andre,3302
sandolandia,3303
sanga puita,3304
sangao,3305
sanharo,3306
santa adelia,3307
santa albertina,3308
santa amelia,3309
santa barbara,3310
santa barbara d oeste,3311
santa barbara d'oeste,3312
santa barbara do para,3313
santa barbara do sul,3314
santa branca,3315
santa brigida,3316
santa catarina,3317
santa cecilia,3318
santa cecilia do pavao,3319
santa clara d'oeste,3320
santa clara do sul,3321
santa cruz,3322
santa cruz cabralia,3323
santa cruz da conceicao,3324
santa cruz das palmeiras,3325
santa cruz de goias,3326
santa cruz de minas,3327
santa cruz de monte castelo,3328
santa cruz de salinas,3329
santa cruz do capibaribe,3330
santa cruz do piaui,3331
santa cruz do prata,3332
santa cruz do rio pardo,3333
santa cruz do sul,3334
santa cruz do timbo,3335
santa ernestina,3336
santa fe,3337
santa fe de goias,3338
santa fe de minas,3339
santa fe do sul,3340
santa filomena,3341
santa gertrudes,3342
santa helena,3343
santa helena de goias,3344
santa helena de minas,3345
santa ines,3346
santa isabel,3347
santa isabel do ivai,3348
santa isabel do para,3349
santa isabel do rio preto,3350
santa izabel do oeste,3351
santa juliana,3352
santa leopoldina,3353
santa lucia,3354
santa luzia,3355
santa luzia do norte,3356
santa luzia do parua,3357
santa margarida,3358
santa maria,3359
santa maria da boa vista,3360
santa maria da serra,3361
santa maria da vitoria,3362
santa maria de itabira,3363
santa maria de jetiba,3364
santa maria do herval,3365
santa maria do para,3366
santa maria do salto,3367
santa maria do suacui,3368
santa maria madalena,3369
santa mariana,3370
santa mercedes,3371
santa monica,3372
santa quiteria,3373
santa quiteria do maranhao,3374
santa rita,3375
santa rita d'oeste,3376
santa rita da floresta,3377
santa rita de caldas,3378
santa rita de jacutinga,3379
santa rita de minas,3380
santa rita do araguaia,3381
santa rita do ibitipoca,3382
santa rita do itueto,3383
santa rita do passa quatro,3384
santa rita do sapucai,3385
santa rosa,3386
santa rosa de lima,3387
santa rosa de viterbo,3388
santa rosa do sul,3389
santa salete,3390
santa teresa,3391
santa teresinha,3392
santa tereza do oeste,3393
santa terezinha,3394
santa terezinha de goias,3395
santa terezinha de itaipu,3396
santa vitoria,3397
santa vitoria do palmar,3398
santaluz,3399
santana,3400
santana da boa vista,3401
santana da vargem,3402
santana de parnaiba,3403
santana de pirapama,3404
santana do acarau,3405
santana do araguaia,3406
santana do capivari,3407
santana do cariri,3408
santana do deserto,3409
santana do ipanema,3410
santana do itarare,3411
santana do jacare,3412
santana do livramento,3413
santana do manhuacu,3414
santana do mundau,3415
santana do paraiso,3416
santana do serido,3417
santana do sobrado,3418
santana dos montes,3419
santanesia,3420
santarem,3421
santiago,3422
santo amaro,3423
santo amaro da imperatriz,3424
santo amaro das brotas,3425
santo amaro de campos,3426
santo anastacio,3427
santo andre,3428
santo andre/sao paulo,3429
santo angelo,3430
santo antonio,3431
santo antonio da alegria,3432
santo antonio da patrulha,3433
santo antonio da platina,3434
santo antonio das missoes,3435
santo antonio das queimadas,3436
santo antonio de goias,3437
santo antonio de jesus,3438
santo antonio de padua,3439
santo antonio de posse,3440
santo antonio do amparo,3441
santo antonio do aracangua,3442
santo antonio do aventureiro,3443
santo antonio do caiua,3444
santo antonio do canaa,3445
santo antonio do descoberto,3446
santo antonio do grama,3447
santo antonio do itambe,3448
santo antonio do jacinto,3449
santo antonio do jardim,3450
santo antonio do leste,3451
santo antonio do leverger,3452
santo antonio do monte,3453
santo antonio do palma,3454
santo antonio do pinhal,3455
santo antonio do planalto,3456
santo antonio do rio abaixo,3457
santo antonio do sudoeste,3458
santo antonio do taua,3459
santo antonio dos campos,3460
santo augusto,3461
santo cristo,3462
santo eduardo,3463
santo estevao,3464
santo expedito,3465
santo expedito do sul,3466
santo hipolito,3467
santo inacio,3468
santos,3469
santos dumont,3470
sao  jose dos pinhais,3471
sao  paulo,3472
sao benedito,3473
sao benedito do rio preto,3474
sao benedito do sul,3475
sao bentinho,3476
sao bento,3477
sao bento abade,3478
sao bento do sapucai,3479
sao bento do sul,3480
sao bento do una,3481
sao bernardino,3482
sao bernardo,3483
sao bernardo do campo,3484
sao bernardo do capo,3485
sao bonifacio,3486
sao borja,3487
sao bras,3488
sao bras do suacui,3489
sao caetano do sul,3490
sao carlos,3491
sao carlos do ivai,3492
sao clemente,3493
sao cristovao,3494
sao cristovao do sul,3495
sao desiderio,3496
sao domingos,3497
sao domingos das dores,3498
sao domingos do araguaia,3499
sao domingos do maranhao,3500
sao domingos do norte,3501
sao domingos do prata,3502
sao domingos do sul,3503
sao felipe,3504
sao felix,3505
sao felix de minas,3506
sao felix do araguaia,3507
sao felix do coribe,3508
sao felix do xingu,3509
sao fernando,3510
sao fidelis,3511
sao francisco,3512
sao francisco de assis,3513
sao francisco de itabapoana,3514
sao francisco de paula,3515
sao francisco do brejao,3516
sao francisco do conde,3517
sao francisco do gloria,3518
sao francisco do guapore,3519
sao francisco do humaita,3520
sao francisco do sul,3521
sao gabriel,3522
sao gabriel da palha,3523
sao gabriel do oeste,3524
sao geraldo,3525
sao geraldo da piedade,3526
sao geraldo do baguari,3527
sao goncalo,3528
sao goncalo do abaete,3529
sao goncalo do amarante,3530
sao goncalo do para,3531
sao goncalo do rio abaixo,3532
sao goncalo do rio das pedras,3533
sao goncalo do rio preto,3534
sao goncalo do sapucai,3535
sao gotardo,3536
sao jeronimo,3537
sao joao,3538
sao joao batista,3539
sao joao batista do gloria,3540
sao joao d'alianca,3541
sao joao da barra,3542
sao joao da boa vista,3543
sao joao da mata,3544
sao joao da parauna,3545
sao joao da ponte,3546
sao joao da urtiga,3547
sao joao das missoes,3548
sao joao de iracema,3549
sao joao de meriti,3550
sao joao de petropolis,3551
sao joao de pirabas,3552
sao joao del rei,3553
sao joao do itaperiu,3554
sao joao do ivai,3555
sao joao do manhuacu,3556
sao joao do manteninha,3557
sao joao do oriente,3558
sao joao do paraiso,3559
sao joao do piaui,3560
sao joao do sabugi,3561
sao joao do sobrado,3562
sao joao do sul,3563
sao joao do triunfo,3564
sao joao dos patos,3565
sao joao evangelista,3566
sao joao nepomuceno,3567
sao joaquim,3568
sao joaquim da barra,3569
sao joaquim de bicas,3570
sao joaquim do monte,3571
sao jorge,3572
sao jorge d'oeste,3573
sao jorge do ivai,3574
sao jorge do oeste,3575
sao jorge do patrocinio,3576
sao jose,3577
sao jose da barra,3578
sao jose da bela vista,3579
sao jose da boa vista,3580
sao jose da coroa grande,3581
sao jose da laje,3582
sao jose da lapa,3583
sao jose da tapera,3584
sao jose da vitoria,3585
sao jose de mipibu,3586
sao jose de ribamar,3587
sao jose de uba,3588
sao jose do barreiro,3589
sao jose do belmonte,3590
sao jose do calcado,3591
sao jose do campestre,3592
sao jose do cedro,3593
sao jose do cerrito,3594
sao jose do divino,3595
sao jose do egito,3596
sao jose do goiabal,3597
sao jose do hortencio,3598
sao jose do inhacora,3599
sao jose do norte,3600
sao jose do ouro,3601
sao jose do piaui,3602
sao jose do ribeirao,3603
sao jose do rio claro,3604
sao jose do rio pardo,3605
sao jose do rio pret,3606
sao jose do rio preto,3607
sao jose do serido,3608
sao jose do turvo,3609
sao jose do vale do rio preto,3610
sao jose do xingu,3611
sao jose dos campos,3612
sao jose dos cordeiros,3613
sao jose dos pinhais,3614
sao jose dos pinhas,3615
sao jose dos quatro marcos,3616
sao leopoldo,3617
sao lourenco,3618
sao lourenco da mata,3619
sao lourenco da serra,3620
sao lourenco do oeste,3621
sao lourenco do piaui,3622
sao lourenco do sul,3623
sao ludgero,3624
sao luis,3625
sao luis de montes belos,3626
sao luis do curu,3627
sao luis do paraitinga,3628
sao luis do quitunde,3629
sao luiz do norte,3630
sao luiz gonzaga,3631
sao mamede,3632
sao manuel,3633
sao marcos,3634
sao martinho,3635
sao mateus,3636
sao mateus de minas,3637
sao mateus do maranhao,3638
sao mateus do sul,3639
sao miguel,3640
sao miguel arcanjo,3641
sao miguel d'oeste,3642
sao miguel das matas,3643
sao miguel do aleixo,3644
sao miguel do anta,3645
sao miguel do araguaia,3646
sao miguel do cambui,3647
sao miguel do gostoso,3648
sao miguel do guama,3649
sao miguel do guapore,3650
sao miguel do iguacu,3651
sao miguel do oeste,3652
sao miguel do tapuio,3653
sao miguel dos campos,3654
sao nicolau,3655
sao paluo,3656
sao patricio,3657
sao paulo,3658
sao paulo - sp,3659
sao paulo / sao paulo,3660
sao paulo das missoes,3661
sao paulo do potengi,3662
sao paulo sp,3663
sao paulop,3664
sao pauo,3665
sao pedro,3666
sao pedro da agua branca,3667
sao pedro da aldeia,3668
sao pedro da uniao,3669
sao pedro de alcantara,3670
sao pedro do butia,3671
sao pedro do iguacu,3672
sao pedro do ivai,3673
sao pedro do sul,3674
sao pedro do turvo,3675
sao pedro dos ferros,3676
sao rafael,3677
sao raimundo nonato,3678
sao romao,3679
sao roque,3680
sao roque de minas,3681
sao roque do canaa,3682
sao sebastiao,3683
sao sebastiao da amoreira,3684
sao sebastiao da boa vista,3685
sao sebastiao da grama,3686
sao sebastiao da grama/sp,3687
sao sebastiao da serra,3688
sao sebastiao de campos,3689
sao sebastiao do alto,3690
sao sebastiao do cai,3691
sao sebastiao do maranhao,3692
sao sebastiao do paraiba,3693
sao sebastiao do paraiso,3694
sao sebastiao do passe,3695
sao sebastiao do rio verde,3696
sao sepe,3697
sao simao,3698
sao thome das letras,3699
sao tiago,3700
sao tomas de aquino,3701
sao tome,3702
sao valentim,3703
sao vendelino,3704
sao vicente,3705
sao vicente ferrer,3706
sao vitor,3707
sape,3708
sapeacu,3709
sapezal,3710
sapiranga,3711
sapopema,3712
sapucai-mirim,3713
sapucaia,3714
sapucaia do sul,3715
saquarema,3716
sarandi,3717
sarapui,3718
sardoa,3719
sarutaia,3720
sarzedo,3721
satiro dias,3722
satuba,3723
satubinha,3724
saubara,3725
saudade do iguacu,3726
saudades,3727
saude,3728
sbc,3729
sbc/sp,3730
scao jose do rio pardo,3731
schroeder,3732
seabra,3733
seara,3734
sebastiao leal,3735
seberi,3736
sede alvorada,3737
segredo,3738
selbach,3739
senador amaral,3740
senador canedo,3741
senador cortes,3742
senador firmino,3743
senador guiomard,3744
senador jose porfirio,3745
senador la rocque,3746
senador modestino goncalves,3747
senador pompeu,3748
senador salgado filho,3749
senges,3750
senhor do bonfim,3751
senhora de oliveira,3752
senhora dos remedios,3753
sento se,3754
serafina correa,3755
sericita,3756
seringueiras,3757
serio,3758
seropedica,3759
serra,3760
serra azul,3761
serra azul de minas,3762
serra bonita,3763
serra branca,3764
serra de sao bento,3765
serra do ramalho,3766
serra do salitre,3767
serra dos aimores,3768
serra dos dourados,3769
serra dourada,3770
serra negra,3771
serra redonda,3772
serra talhada,3773
serrana,3774
serrania,3775
serranopolis,3776
serranopolis de minas,3777
serranopolis do iguacu,3778
serrinha,3779
serrita,3780
serro,3781
serrolandia,3782
sertania,3783
sertanopolis,3784
sertao,3785
sertao santana,3786
sertaozinho,3787
sete barras,3788
sete de setembro,3789
sete lagoas,3790
setubinha,3791
severiano melo,3792
severinia,3793
sideropolis,3794
sidrolandia,3795
silva jardim,3796
silvania,3797
silvano,3798
silvanopolis,3799
silveira carvalho,3800
silveira martins,3801
silveiras,3802
silvianopolis,3803
simao dias,3804
simao pereira,3805
simoes filho,3806
simolandia,3807
simonesia,3808
simplicio mendes,3809
sinimbu,3810
sinop,3811
siqueira campos,3812
siriji,3813
sirinhaem,3814
sitio do quinto,3815
sitio novo,3816
sitio novo do tocantins,3817
sobradinho,3818
sobral,3819
sobralia,3820
socorro,3821
solanea,3822
soledade,3823
soledade de minas,3824
solonopole,3825
sombrio,3826
sonora,3827
sooretama,3828
sorocaba,3829
sorriso,3830
sousa,3831
sp,3832
sp / sp,3833
sucesso,3834
sucupira do norte,3835
sud mennucci,3836
sulina,3837
sumare,3838
sume,3839
sumidouro,3840
surubim,3841
suzanapolis,3842
suzano,3843
tabao da serra,3844
tabapora,3845
tabapua,3846
tabatinga,3847
tabira,3848
taboao da serra,3849
tabocas do brejo velho,3850
taboquinhas,3851
tabuleiro,3852
tabuleiro do norte,3853
tacaratu,3854
taciba,3855
tacuru,3856
taguai,3857
taguatinga,3858
taiacu,3859
tailandia,3860
taio,3861
taiobeiras,3862
taiuva,3863
tamandare,3864
tamarana,3865
tambau,3866
tamboara,3867
tanabi,3868
tangara,3869
tangara da serra,3870
tangua,3871
tanhacu,3872
tanque d'arca,3873
tanque novo,3874
taparuba,3875
tapejara,3876
tapera,3877
taperuaba,3878
tapes,3879
tapinas,3880
tapirai,3881
tapiramuta,3882
tapiratiba,3883
tapurah,3884
taquara,3885
taquaracu de minas,3886
taquarana,3887
taquari,3888
taquaritinga,3889
taquaritinga do norte,3890
taquarituba,3891
taquarivai,3892
taquarucu do sul,3893
tarabai,3894
taruma,3895
tarumirim,3896
tatui,3897
taua,3898
taubate,3899
tavares,3900
tecainda,3901
teixeira,3902
teixeira de freitas,3903
teixeira soares,3904
teixeiras,3905
tejupa,3906
telemaco borba,3907
telha,3908
tenente ananias,3909
tenente portela,3910
teodoro sampaio,3911
teofilandia,3912
teofilo otoni,3913
teolandia,3914
teotonio vilela,3915
terenos,3916
teresina,3917
teresina de goias,3918
teresopolis,3919
terezinha,3920
termas de ibira,3921
terra boa,3922
terra de areia,3923
terra nova,3924
terra nova do norte,3925
terra rica,3926
terra roxa,3927
teutonia,3928
tiangua,3929
tibagi,3930
tibau do sul,3931
tiete,3932
tijucas,3933
timbauba,3934
timbe do sul,3935
timbo,3936
timburi,3937
timon,3938
timoteo,3939
tiradentes,3940
tiradentes do sul,3941
tiros,3942
tobias barreto,3943
tocantinopolis,3944
tocantins,3945
tocos,3946
tocos do moji,3947
toledo,3948
tomar do geru,3949
tomazina,3950
tombos,3951
tome-acu,3952
toritama,3953
toropi,3954
torres,3955
torrinha,3956
trabiju,3957
tracuateua,3958
tracunhaem,3959
traipu,3960
trairi,3961
trajano de moraes,3962
tramandai,3963
trancoso,3964
travessao,3965
travesseiro,3966
tremembe,3967
tres arroios,3968
tres barras,3969
tres cachoeiras,3970
tres coracoes,3971
tres coroas,3972
tres de maio,3973
tres forquilhas,3974
tres fronteiras,3975
tres irmaos,3976
tres lagoas,3977
tres marias,3978
tres passos,3979
tres pontas,3980
tres rios,3981
treviso,3982
treze tilias,3983
trindade,3984
trindade do sul,3985
triunfo,3986
trombas,3987
trombudo central,3988
tubarao,3989
tucano,3990
tucuma,3991
tucunduva,3992
tucurui,3993
tuiuti,3994
tumiritinga,3995
tunapolis,3996
tunas do parana,3997
tupa,3998
tupaciguara,3999
tupancireta,4000
tupandi,4001
tuparece,4002
tuparendi,4003
tuparetama,4004
tupassi,4005
tupi paulista,4006
turmalina,4007
tururu,4008
turvania,4009
turvelandia,4010
turvo,4011
turvolandia,4012
tutoia,4013
uaua,4014
uba,4015
ubai,4016
ubaira,4017
ubaitaba,4018
ubajara,4019
ubaporanga,4020
ubata,4021
ubatuba,4022
uberaba,4023
uberlandia,4024
ubirajara,4025
ubirata,4026
uchoa,4027
uibai,4028
uirauna,4029
ulianopolis,4030
umbauba,4031
umburanas,4032
umburatiba,4033
umuarama,4034
una,4035
unai,4036
uniao,4037
uniao da serra,4038
uniao da vitoria,4039
uniao de minas,4040
uniao do oeste,4041
uniao do sul,4042
uniao dos palmares,4043
unistalda,4044
upanema,4045
urai,4046
urandi,4047
urania,4048
urbano santos,4049
uruacu,4050
uruana,4051
uruana de minas,4052
uruara,4053
urubici,4054
uruburetama,4055
urucania,4056
urucuca,4057
urucui,4058
urucuia,4059
urucurituba,4060
uruguaiana,4061
uruoca,4062
urupa,4063
urupes,4064
urussanga,4065
urutai,4066
utinga,4067
vacaria,4068
valao do barro,4069
vale do sol,4070
vale real,4071
valenca,4072
valenca do piaui,4073
valente,4074
valentim gentil,4075
valinhos,4076
valparaiso,4077
valparaiso de goias,4078
vanini,4079
vargeao,4080
vargem,4081
vargem alegre,4082
vargem alta,4083
vargem bonita,4084
vargem grande,4085
vargem grande do rio pardo,4086
vargem grande do soturno,4087
vargem grande do sul,4088
vargem grande paulista,4089
varginha,4090
varjao de minas,4091
varjota,4092
varre-sai,4093
varzea,4094
varzea alegre,4095
varzea da palma,4096
varzea do poco,4097
varzea grande,4098
varzea nova,4099
varzea paulista,4100
varzedo,4101
varzelandia,4102
vassouras,4103
vazante,4104
venancio aires,4105
venda branca,4106
venda nova do imigrante,4107
vendas@creditparts.com.br,4108
ventania,4109
venturosa,4110
vera,4111
vera cruz,4112
vera cruz do oeste,4113
veranopolis,4114
vere,4115
vereda,4116
verissimo,4117
vermelho,4118
vermelho novo,4119
vertentes,4120
vespasiano,4121
vespasiano correa,4122
viamao,4123
viana,4124
vianopolis,4125
vicencia,4126
vicente de carvalho,4127
vicente dutra,4128
vicentina,4129
vicentinopolis,4130
vicosa,4131
vicosa do ceara,4132
victor graeff,4133
videira,4134
vieiras,4135
vigia,4136
vila bela da santissima trindade,4137
vila dos cabanos,4138
vila flor,4139
vila flores,4140
vila langaro,4141
vila muriqui,4142
vila nelita,4143
vila nova,4144
vila nova do sul,4145
vila pereira,4146
vila reis,4147
vila rica,4148
vila valerio,4149
vila velha,4150
vilhena,4151
vinhedo,4152
viradouro,4153
virgem da lapa,4154
virginia,4155
virginopolis,4156
virgolandia,4157
visconde de maua,4158
visconde do rio branco,4159
viseu,4160
vista alegre,4161
vista alegre do alto,4162
vitoria,4163
vitoria da conquista,4164
vitoria das missoes,4165
vitoria de santo antao,4166
vitoria do jari,4167
vitoria do mearim,4168
vitorino,4169
vitorino freire,4170
vitorinos,4171
volta grande,4172
volta redonda,4173
votorantim,4174
votuporanga,4175
wagner,4176
wanderley,4177
wenceslau braz,4178
wenceslau guimaraes,4179
werneck,4180
witmarsum,4181
xambioa,4182
xambre,4183
xangri-la,4184
xanxere,4185
xapuri,4186
xavantina,4187
xaxim,4188
xexeu,4189
xinguara,4190
xique-xique,4191
zacarias,4192
ze doca,4193
zortea,4194
